{"cameraMode":{"drawMode":0,"name":"Shaded","section":"Shading Mode"},"sceneLighting":true,"audioPlay":false,"sceneViewState":{"m_AlwaysRefresh":false,"showFog":true,"showSkybox":true,"showFlares":true,"showImageEffects":true,"showParticleSystems":true,"showVisualEffectGraphs":true,"m_FxEnabled":true},"in2DMode":false,"pivot":{"x":14.080282211303711,"y":-16.149925231933595,"z":-20.172019958496095},"rotation":{"x":0.7156841158866882,"y":-0.031409911811351779,"z":0.03222252056002617,"w":0.6970196962356567},"size":4.426764011383057,"orthographic":false}